{"cameraMode":{"drawMode":0,"name":"Shaded","section":"Shading Mode"},"sceneLighting":true,"audioPlay":false,"sceneViewState":{"m_AlwaysRefresh":false,"showFog":true,"showSkybox":true,"showFlares":true,"showImageEffects":true,"showParticleSystems":true,"showVisualEffectGraphs":true,"m_FxEnabled":true},"in2DMode":false,"pivot":{"x":-0.028612613677978517,"y":10.020204544067383,"z":-18.26885986328125},"rotation":{"x":-0.002342667430639267,"y":0.9964644312858582,"z":-0.07878406345844269,"w":-0.02992457151412964},"size":8.875787734985352,"orthographic":false}